question,answer
מהו חומוס?,"חומוס הוא ממרח שעשוי מחומוס מבושל, טחינה, שמן זית, מיץ לימון ושום."
מאיפה מגיע החומוס?,חומוס נפוץ במטבח המזרח תיכוני ומקורו במדינות האזור.
מה המרכיבים העיקריים של חומוס?,"חומוס, טחינה, מיץ לימון, שום, שמן זית ותבלינים."
איך להכין חומוס ביתי?,"מבשלים חומוס יבש, טוחנים עם טחינה, מיץ לימון, שום ותבלינים עד למרקם חלק."
האם חומוס בריא?,"כן, חומוס עשיר בחלבונים, סיבים תזונתיים וויטמינים."
כמה זמן ניתן לשמור חומוס במקרר?,חומוס טרי נשמר כ-5 ימים במקרר.
איך אפשר לשפר את הטעם של החומוס?,"אפשר להוסיף פפריקה, כמון או עשבי תיבול טריים."
האם חומוס מתאים לטבעונים?,"כן, חומוס הוא מאכל טבעוני לחלוטין."
האם יש לחומוס יתרונות תזונתיים?,"כן, חומוס עשיר במינרלים כמו ברזל ומגנזיום."
מה ההבדל בין חומוס רגיל לחומוס מסעדות?,חומוס מסעדות בדרך כלל חלק יותר ומכיל יותר שמן זית.
האם חומוס מכיל גלוטן?,"לא, חומוס אינו מכיל גלוטן."
איך לבחור טחינה לחומוס?,בחרו בטחינה גולמית איכותית עם מעט חומרים משמרים.
האם ניתן להקפיא חומוס?,"כן, אפשר להקפיא חומוס ולהפשיר לפי הצורך."
האם אפשר להשתמש בחומוס משימורים?,"כן, אך הטעם והמרקם עשויים להיות שונים."
האם חומוס טוב לדיאטה?,"כן, חומוס מספק חלבונים ושומנים בריאים, אך יש לאכול במידה."
מהו חומוס מסבחה?,חומוס מסבחה הוא גרסה חמה עם גרגירי חומוס שלמים ותבלינים.
איך להגיש חומוס בצורה מסורתית?,"מגישים בצלחת עם שמן זית, פפריקה ופיתות בצד."
האם חומוס מתאים לילדים?,"כן, חומוס מזין ומתאים לכל הגילאים."
האם ניתן להכין חומוס ללא טחינה?,"כן, אך הטעם והמרקם יהיו שונים."
איך לגרום לחומוס להיות חלק יותר?,טחנו את החומוס למשך זמן ארוך יותר והוסיפו מים לפי הצורך.
מהו זמן הבישול של חומוס יבש?,זמן הבישול נע בין שעה לשעתיים בהתאם למידת הרכות הרצויה.
מהי טחינה?,טחינה היא ממרח שעשוי משומשום טחון ומשמש בסיס לחומוס.
מה הטעם של חומוס?,"הטעם של חומוס הוא אגוזי, חמצמץ ועשיר."
מהי מסבחה?,מסבחה היא מנה מזרח תיכונית הכוללת חומוס חם עם תבלינים.
האם חומוס מתאים לחולי סוכרת?,"כן, חומוס בעל אינדקס גליקמי נמוך ומתאים לחולי סוכרת."
מה מקור השם חומוס?,המילה חומוס מקורה בערבית ומשמעותה היא גרגרי חומוס.
האם יש סוגים שונים של חומוס?,"כן, יש חומוס מסורתי, חומוס עם טעמים ותוספות שונות."
האם חומוס מכיל כולסטרול?,"לא, חומוס אינו מכיל כולסטרול."
מהי כמות המים שצריך להוסיף לחומוס?,הוסיפו מים בהדרגה עד שמגיעים למרקם הרצוי.
מה עדיף - חומוס ביתי או חומוס קנוי?,חומוס ביתי לרוב בריא וטבעי יותר.
כמה קלוריות יש בחומוס?,ב-100 גרם חומוס יש כ-160 קלוריות.
האם ניתן להכין חומוס עם בלנדר?,"כן, בלנדר טוב יכול לטחון את החומוס למרקם חלק."
מהו זמן ההשריה של חומוס יבש?,יש להשרות חומוס יבש כ-12 שעות במים.
האם יש חומוס ללא תוספת מלח?,"כן, ניתן להכין חומוס ללא מלח."
איך לשמור על חומוס שלא יתקלקל?,יש לשמור במקרר בכלי אטום.
האם חומוס מתאים למי שרגיש ללקטוז?,"כן, חומוס אינו מכיל מוצרי חלב."
איך לטחון חומוס בצורה נכונה?,טחנו במעבד מזון והוסיפו נוזלים לפי הצורך.
האם חומוס מתאים למי שרגיש לאלרגיות?,יש לבדוק רגישות לחומוס או טחינה.
מה הדרך הטובה ביותר לחמם חומוס?,חממו על אש נמוכה עם מעט מים או שמן.
האם חומוס טוב לארוחה קלה?,"כן, חומוס הוא אופציה מצוינת לארוחה קלה ומזינה."
מה עדיף - חומוס מקופסה או מוכן?,חומוס מוכן לרוב טעים ובריא יותר.
איך לדעת אם חומוס מקולקל?,חומוס מקולקל יהיה בעל ריח חמוץ או עובש.
האם חומוס מתאים למי שעושה ספורט?,"כן, חומוס מספק אנרגיה וחלבון למתאמנים."
האם חומוס טוב לקיץ?,"כן, חומוס מתאים לכל עונות השנה."
איך להכין חומוס עם ירקות?,הוסיפו ירקות כמו פלפל אדום או סלק במהלך הטחינה.
האם אפשר לאכול חומוס חם?,"כן, חומוס חם הוא מאכל טעים ומקובל."
מה זה חומוס בשר?,חומוס בשר הוא מנה הכוללת חומוס עם תוספת של בשר טחון ותבלינים.
מהי כמות הטחינה האידיאלית לחומוס?,כ-2 כפות טחינה לכוס חומוס מבושל.
מהו מקור המנה חומוס פול?,חומוס פול הוא מנה מזרח תיכונית הכוללת חומוס עם פול מבושל ותבלינים.
איך להכין חומוס חריף?,הוסיפו פלפל חריף טרי או חריף טחון לטחינה.
